method,episodes,merge_success_rate,crash_rate,short_timeout_rate,mean_reward,mean_speed,mean_steps,mean_merge_step,mean_min_distance,mean_min_ttc,clamp_rate
bc,50,0.0,0.08,0.92,86.17929172698173,2.387960179150129,138.2,nan,11.575018748588484,17.4372139033951,0.35827619591621024
ppo,50,0.84,0.0,0.16,123.38370601047494,19.310537167532125,49.42,27.61904761904762,21.625467294549903,14.986811664353397,0.0
baseline,50,0.78,0.06,0.16,49.537837518354955,6.41424768678026,69.42,47.0,5.141484674220795,0.598390897465678,0.39087149375727326
mpc,50,0.78,0.02,0.2,49.77193852740782,7.621877412718181,69.72,43.1025641025641,4.865673597599555,0.5152259718153258,0.4138775075699087
