method,episodes,merge_success_rate,crash_rate,short_timeout_rate,mean_reward,mean_speed,mean_steps,mean_merge_step,mean_min_distance,mean_min_ttc,clamp_rate
bc,50,0.0,0.1,0.9,84.2721265694222,2.9060132325093195,135.26,nan,11.202001888635476,16.120044306793435,0.3804898171887565
ppo,50,0.96,0.0,0.04,115.56423859673842,19.275675482860798,40.4,27.541666666666668,21.362909317475374,15.083042004433635,0.0
baseline,50,0.9,0.0,0.1,45.32051298395103,6.450056282384232,65.1,47.08888888888889,4.943181763086858,0.5454007232745625,0.35924404839723034
mpc,50,0.92,0.0,0.08,44.00472757088296,6.792306904277346,61.88,48.08695652173913,5.059519641422049,0.5719066969680292,0.3390080938948602
