method,episodes,merge_success_rate,crash_rate,short_timeout_rate,mean_reward,mean_speed,mean_steps,mean_merge_step,mean_min_distance,mean_min_ttc,clamp_rate
bc,50,0.0,0.08,0.92,86.11441436661217,2.387960179150129,138.2,nan,11.509267862757788,17.36639392705808,0.35827619591621024
ppo,50,0.9,0.0,0.1,126.1778599663114,19.26521335624488,50.2,27.755555555555556,21.529666133490046,14.648375151982844,0.0
baseline,50,0.86,0.06,0.08,45.58210947592393,6.565065249088762,63.36,46.18604651162791,5.057603261710508,0.5960464313118776,0.3805555137536387
mpc,50,0.86,0.02,0.12,45.88642821980356,7.570904400887887,63.82,46.16279069767442,5.072397672988611,0.5358035434294198,0.3656664468809601
